Narodnog fronta,23
Trg Dositeja Obradovica,6
Balzakova,18
Bulevar Cara Lazara,10
Bulevar Kneza Milosa,20
Svetislava Kasapinovica,18
Kisacka,13
Trg Dositeja Obradovica,1
Hadzi Ruvimova,17
Trg Dositeja Obradovica,1
Danila Kisa,6
Svetislava Kasapinovica,18
Zmaj Jovina,11
Hadzi Ruvimova,17
Danila Kisa,6
Zmaj Jovina,11
Hajduk Veljkova,15
Balzakova,2
Mise Dimitrijevica,3
Puskinova,7
Hajduk Veljkova,15
Kisacka,13
Bulevar Kneza Milosa,20
Bulevar Oslobodjenja,21
Njegoseva,12
Zmaj Jovina,11
Hopovska,9
Mise Dimitrijevica,3
Mise Dimitrijevica,3
Lasla Gala,5
Danila Kisa,6
Hadzi Ruvimova,17
Kisacka,13
Krilova,8
Bate Brkica,19
Zmaj Jovina,11
Balzakova,2
Danila Kisa,6
Ilije Bircanina,16
Svetislava Kasapinovica,18
Lasla Gala,5
Cirpanova,14
Bate Brkica,19
Bulevar Oslobodjenja,21
Trg Dositeja Obradovica,1
Gogoljeva,4
Njegoseva,12
Ilije Bircanina,16
Gogoljeva,4
Danila Kisa,6
Mise Dimitrijevica,3
Njegoseva,12
Danila Kisa,6
Bulevar Oslobodjenja,21
Krilova,8
Danila Kisa,6
Krilova,8
Bulevar Oslobodjenja,21
Bulevar Kneza Milosa,20
Hopovska,9
Bulevar Cara Lazara,10
Strosmajerova,10
